brand,name,old_price,old_price_cent,new_price,new_price_cent,reviews_rating_number,reviews_amount
OLYMPIKUS,Olympikus 24/7 Lap Masculino Adultos,218,74,139,99,4.8,(7707)
PUMA,Puma Skyrocket Lite Masculino Adultos,499,99,247,49,,
OLYMPIKUS,Olympikus Express Masculino Adultos,274,99,217,79,4.7,(234)
PUMA,Tênis De Corrida Scend Pro Puma Tênis De Corrida,399,90,39,99,,
OLYMPIKUS,Olympikus Only 2 Masculino Adultos,199,99,124,99,4.7,(1769)
PUMA,Tênis De Corrida Retaliate 2 Puma Tênis De Corrida,399,90,39,99,,
UNDER ARMOUR,Under Armour Pacer Masculino Adultos,449,99,228,78,4.6,(597)
PUMA,Tênis De Corrida Skyrocket Lite Puma Tênis De Corrida,349,90,34,99,,
PUMA,Tênis De Corrida Night Runner V3 Puma Tênis De Corrida,299,90,33,32,,
NEW BALANCE,Tênis New Balance Fresh Foam Garoe Masculino Mtgarorr,749,44,74,94,5.0,(4)
OLLIE,Kit 2 Tênis Street Ollie Masculino Kings Conforto,299,98,218,98,4.7,(194)
,Kit Combo 2 Tenis Masculino Academia Caminhada Corrida Top,169,90,152,91,4.6,(1561)
MIZUNO,Mizuno Wave Rider 26 Masculino Adultos,1.099,90,692,93,,
OLYMPIKUS,Olympikus Treino Dynamic Masculino Adultos,279,99,210,99,4.8,(5697)
NIKE,Tênis Nike Precision 6 Masculino,379,99,38,,5.0,(2)
FILA,Tênis Fila Kr6 Masculino,466,83,326,20,4.8,(20)
VIA LIVRE,Tênis Masculino Corrida Advanced Aero Academia Leve Macio,149,90,79,44,,
HANKOOK,Sapatênis Masculino Marrom Confortável Elástico,78,90,26,30,,
HANKOOK,Sapatênis Masculino Branco Confortável Elástico,69,90,23,30,,
OLYMPIKUS,Tenis Casual Masculino Olympikus Versa Branco,321,05,288,90,5.0,(2)
OLYMPIKUS,Tênis Running Masculino Olympikus Poseidon Marinho E Branco,246,94,30,87,,
OLLIE,Tênis Masculino Casual Ollie Street Plazza Original Azul,160,48,32,10,,
NIKE,Tênis Nike Flex Experience 12 Masculino,299,99,29,08,5.0,(1)
OLYMPIKUS,Tênis Masculino Olympikus Rayo Original,269,99,202,49,5.0,(2)
OLLIE,Tênis Esportivo Masculino Ollie Stones,129,99,12,64,,
,Tênis Masculino Ollie Promax 2,139,99,13,61,5.0,(2)
OLYMPIKUS,Tênis Masculino Corre Trilha Olympikus Novo,599,99,478,99,5.0,(2)
UNDER ARMOUR,Tênis Masculino E Feminino Tribase Reps Under Armour Novo,449,99,358,99,5.0,(2)
WONDER,Tenis Masculino Adventure Confortavel Duravel Wonder,124,90,12,14,,
WONDER,Kit Tenis Adventure + Palmilha Ortopedica Em Gel Confortável,139,90,13,60,,
,Tênis Esportivo Masculino Ollie Biker,139,99,113,99,5.0,(2)
OLYMPIKUS,Tenis Casual Masculino Olympikus Versa Preto ,321,05,252,70,,
OLYMPIKUS,Tênis Olympikus Corre Vento 2 Masculino- Laranja,399,90,39,99,5.0,(2)
FRANBOOTS,Sapatenis Casual Masculino Confortável,78,99,26,33,,
NEW BALANCE,Tênis New Balance 411 V3 Masculino,359,90,324,41,,
VIA LIVRE,Tênis Masculino Advanced Running Ultra Leve Macio Academia,131,90,117,39,,
VANS,Vans Suede Canvas Ward Feminino Adultos,449,99,45,,4.3,(12)
FRANBOOTS,Tênis Masculino Casual Amortecimento Air Plus Confortável,78,99,26,33,,
FILA,Tênis Fila Kenya Racer Kr6 Alta Performance Masculino,599,99,365,99,5.0,(3)
UNDER ARMOUR,Tênis Under Armour Charged Quicker Masculino,444,33,349,90,,
OLLIE,Kit 3 Tênis Street Ollie Masculino Rocky Conforto,449,97,292,48,5.0,(2)
OLLIE,Kit 2 Tênis Street Ollie Masculino Space2 Conforto,279,98,204,38,5.0,(3)
OLLIE,Kit 2 Tênis Street Ollie Masculino Alpha2 Conforto,339,98,248,18,5.0,(5)
LORENZZO LOPEZ,Kit Tênis Masculino Esportivo Academia E Corrida + Brindes,129,90,116,91,,
OLYMPIKUS,Tênis Olympikus Challenger 5 Masculino- Branco,279,90,31,10,5.0,(1)
FILA,Tênis De Corrida Masculino Fila Racer Gripper Original,329,99,227,43,,
FILA,Tênis Fila Venture Tracer Masculino Esportivo,444,33,44,43,,
OLLIE,Tênis Esportivo Masculino Fly Ollie,139,99,13,61,,
OLYMPIKUS,Tênis Olympikus Challenger 5 Masculino- Marinho-preto,279,90,31,10,4.8,(5)
CALVIN KLEIN,Tênis Calvin Klein Jeans Masculino Air Logo Azul Marinho,719,99,479,99,,
OLLIE,Tênis Masculino Cano Alto Premium Ollie 417 ,185,14,175,88,,
LORENZZO LOPEZ,Tênis Masculino Para Esportes Corrida E Caminhada ,69,90,6,79,,
PUMA,Tenis Masculino Puma Wired Run Softfoam Oftfoam - Original,369,99,236,79,,
OLYMPIKUS,Tênis Masculino Olympikus Cyber 4 Original,279,99,197,39,,
brand,name,old_price,old_price_cent,new_price,new_price_cent,reviews_rating_number,reviews_amount
NEW BALANCE,Tênis New Balance Fresh Foam Garoe Masculino Mtgarorr,749,44,74,94,5.0,(4)
MIZUNO,Tênis Mizuno Masculino Wave Mirai 5 Esportivo Corrida,529,90,386,82,5.0,(3)
,Tênis Masculino Academia Leve Olimp Confortável Original 23,109,99,93,49,4.4,(6621)
PUMA,Tênis De Corrida Scend Pro Puma Tênis De Corrida,399,90,39,99,,
PUMA,Tênis De Corrida Retaliate 2 Puma Tênis De Corrida,399,90,39,99,,
PUMA,Tênis De Corrida Skyrocket Lite Puma Tênis De Corrida,349,90,34,99,,
UNDER ARMOUR,Under Armour Pacer Masculino Adultos,449,99,228,78,4.6,(597)
OLYMPIKUS,Olympikus Only 2 Masculino Adultos,199,99,124,99,4.7,(1769)
PUMA,Tênis De Corrida Night Runner V3 Puma Tênis De Corrida,299,90,33,32,,
DS SHOES,Tênis Casual Air Ds Leve E Confortavel,78,70,69,90,4.5,(806)
VILI,Sapatenis Tenis Casual Masculino Polo Vili  Original,104,49,78,36,4.6,(1681)
OUSY SHOES,Kit Tênis Masculino Caminhada 3 Pares Easy Confortável Combo,229,90,159,90,4.5,(5490)
MIZUNO,Mizuno Wave Rider 26 Masculino Adultos,1.099,90,692,93,,
OLYMPIKUS,Olympikus Treino Dynamic Masculino Adultos,279,99,210,99,4.8,(5697)
NIKE,Tênis Nike Precision 6 Masculino,379,99,38,,5.0,(2)
FILA,Tênis Fila Kr6 Masculino,466,83,326,20,4.8,(20)
VIA LIVRE,Tênis Masculino Corrida Advanced Aero Academia Leve Macio,149,90,79,44,,
HANKOOK,Sapatênis Masculino Marrom Confortável Elástico,78,90,26,30,,
HANKOOK,Sapatênis Masculino Branco Confortável Elástico,69,90,23,30,,
OLYMPIKUS,Tenis Casual Masculino Olympikus Versa Branco,321,05,288,90,5.0,(2)
OLYMPIKUS,Tênis Running Masculino Olympikus Poseidon Marinho E Branco,246,94,30,87,,
OLLIE,Tênis Masculino Casual Ollie Street Plazza Original Azul,160,48,32,10,,
NIKE,Tênis Nike Flex Experience 12 Masculino,299,99,29,08,5.0,(1)
OLYMPIKUS,Tênis Masculino Olympikus Rayo Original,269,99,202,49,5.0,(2)
OLLIE,Tênis Esportivo Masculino Ollie Stones,129,99,12,64,,
,Tênis Masculino Ollie Promax 2,139,99,13,61,5.0,(2)
OLYMPIKUS,Tênis Masculino Corre Trilha Olympikus Novo,599,99,478,99,5.0,(2)
UNDER ARMOUR,Tênis Masculino E Feminino Tribase Reps Under Armour Novo,449,99,358,99,5.0,(2)
WONDER,Tenis Masculino Adventure Confortavel Duravel Wonder,124,90,12,14,,
WONDER,Kit Tenis Adventure + Palmilha Ortopedica Em Gel Confortável,139,90,13,60,,
,Tênis Esportivo Masculino Ollie Biker,139,99,113,99,5.0,(2)
OLYMPIKUS,Tenis Casual Masculino Olympikus Versa Preto ,321,05,252,70,,
OLYMPIKUS,Tênis Olympikus Corre Vento 2 Masculino- Laranja,399,90,39,99,5.0,(2)
FRANBOOTS,Sapatenis Casual Masculino Confortável,78,99,26,33,,
NEW BALANCE,Tênis New Balance 411 V3 Masculino,359,90,324,41,,
VIA LIVRE,Tênis Masculino Advanced Running Ultra Leve Macio Academia,131,90,117,39,,
VANS,Vans Suede Canvas Ward Feminino Adultos,449,99,45,,4.3,(12)
FRANBOOTS,Tênis Masculino Casual Amortecimento Air Plus Confortável,78,99,26,33,,
FILA,Tênis Fila Kenya Racer Kr6 Alta Performance Masculino,599,99,365,99,5.0,(3)
UNDER ARMOUR,Tênis Under Armour Charged Quicker Masculino,444,33,349,90,,
OLLIE,Kit 3 Tênis Street Ollie Masculino Rocky Conforto,449,97,292,48,5.0,(2)
OLLIE,Kit 2 Tênis Street Ollie Masculino Space2 Conforto,279,98,204,38,5.0,(3)
OLLIE,Kit 2 Tênis Street Ollie Masculino Alpha2 Conforto,339,98,248,18,5.0,(5)
LORENZZO LOPEZ,Kit Tênis Masculino Esportivo Academia E Corrida + Brindes,129,90,116,91,,
OLYMPIKUS,Tênis Olympikus Challenger 5 Masculino- Branco,279,90,31,10,5.0,(1)
FILA,Tênis De Corrida Masculino Fila Racer Gripper Original,329,99,227,43,,
FILA,Tênis Fila Venture Tracer Masculino Esportivo,444,33,44,43,,
OLLIE,Tênis Esportivo Masculino Fly Ollie,139,99,13,61,,
OLYMPIKUS,Tênis Olympikus Challenger 5 Masculino- Marinho-preto,279,90,31,10,4.8,(5)
CALVIN KLEIN,Tênis Calvin Klein Jeans Masculino Air Logo Azul Marinho,719,99,479,99,,
OLLIE,Tênis Masculino Cano Alto Premium Ollie 417 ,185,14,175,88,,
LORENZZO LOPEZ,Tênis Masculino Para Esportes Corrida E Caminhada ,69,90,6,79,,
PUMA,Tenis Masculino Puma Wired Run Softfoam Oftfoam - Original,369,99,236,79,,
OLYMPIKUS,Tênis Masculino Olympikus Cyber 4 Original,279,99,197,39,,
ON RUNNING,On Running Cloudmonster 2 Masculino Branco/preto Adultos,1.149,99,114,,,
UNDER ARMOUR,Tenis Under Armour Tribase Reps Original Crossfit,450,90,369,,,
HARD,Tênis Esportivo Masculino Barato Para Academia Original Novo,129,82,74,27,4.5,(596)
OLYMPIKUS,Tênis Olympikus Asfalto Verde Militar,229,90,32,84,,
OLLIE,Kit 2 Tênis Street Ollie Masculino Urca2 Conforto,279,98,204,38,5.0,(3)
PUMA,Tênis Puma Anzarun Lite Masculino Casual,277,67,30,85,5.0,(2)
OLYMPIKUS,Tênis Olympikus Estilo 2 Verde Militar,199,90,33,32,,
PUMA,Tênis Puma Flyer Runner Mesh Bdp Masculino Original ,329,90,283,71,5.0,(5)
FILA,Tênis Fila Classic Runner Sl Masculino Branco,289,90,32,21,,
OLLIE,Kit 2 Tênis Street Ollie Masculino Urca2 Conforto,279,98,204,38,5.0,(3)
EVOLTENN,Kit 3 Pares Jaguar Evoltenn Masculino Leve Promoção,189,90,170,91,4.6,(670)
NEW BALANCE,Tênis New Balance Fresh Foam Garoe Masculino Mtgarorr,749,44,74,94,5.0,(4)
PUMA,Tênis Caven Anos 80 Puma Tênis Caven Anos 80,399,90,39,99,,
FILA,Tênis Fila Racer Gripper Masculino Original,329,99,232,53,,
OLYMPIKUS,Olympikus Voa 2 Masculino Adultos,299,99,208,99,4.8,(267)
OLYMPIKUS,Tenis Casual Masculino Olympikus Versa Branco,321,05,32,11,4.5,(2)
OLLIE,Kit 2 Tênis Ollie Academia Stones Caminhada,299,98,218,98,5.0,(1)
,Tênis Casual Star Feet Camila Nicacio Cano Alto Moda Fashion,99,91,74,10,4.6,(501)
FILA,Tênis Fila Venture Tracer Masculino - Original,399,99,40,,,
LORENZZO LOPEZ,Tênis Casual Masculino Sapatênis Cano Baixo Urbano Super Lev,78,90,43,39,,
OLLIE,Kit 2 Sapatênis Ollie Masculino Miami Conforto,279,98,204,38,,
FILA,Tênis Fila Masculino Trend 3.0 Treino Caminhada Casual,319,90,281,51,,
FILA,Tênis Fila Racer Nairobi Corrida - Masculino,379,99,334,39,,
FILA,Tênis Fila Progress Lite Masculino,319,90,271,91,,
ASCENSION,Tênis Esportivo Sola Macia P/ Exercícios Tecido Confortável,129,90,12,63,,
OLYMPIKUS,Tênis Olympikus Rayo - Masculino Casual Confortável E Leve,259,99,197,59,,
PUMA,Tênis Puma Trinity Masculino,599,90,58,16,,
ADIDAS,adidas Advantage Base Masculino Adultos,299,99,164,99,4.5,(65)
OLYMPIKUS,Tênis Olympikus Corre 3-  Preto,499,90,49,99,5.0,(5)
FILA,Tênis De Caminhada Masculino Fila Ride Original,329,99,227,43,5.0,(3)
OLLIE,Tênis Casual Masculino Ollie Cano Alto,149,99,122,49,,
FILA,Tênis Corrida Ultra Leve Fila Kr6 Maratona Performance,599,99,335,99,4.5,(6)
OLYMPIKUS,Tênis Masculino Esportivo Olympikus Soma Original,219,90,172,90,,
LORENZZO LOPEZ,Sapatênis Masculino Tênis Casual Super Conforto Dia-a-dia,78,90,43,39,,
OLLIE,Tênis Masculino Monster Ollie 418 ,150,64,143,10,,
OLLIE,Kit 2 Tênis Street Ollie Masculino Alpha2 Conforto,339,98,34,,,
FILA,Tênis Masculino Fila Ride Original,329,99,227,43,5.0,(1)
FILA,Tênis Racer Gripper Fila Unissex Original ,329,99,237,59,,
ASCENSION,Tênis Esportivo Exercícios Conforto E Estilo,129,54,12,,,
FILA,Tênis Masculino Fila Classic Runner Sl Casual Original,349,90,318,40,,
LORENZZO LOPEZ,Tênis Masculino Esportivo Caminhada E Academia Leve,109,90,36,63,,
OLYMPIKUS,Tênis Olympikus Cyber Original,259,99,185,25,,
FILA,Tênis Fila Recovery Masculino Preto E Cinza,359,90,34,89,5.0,(1)
FILA,Tênis Fila Masculino Float Elite Corrida ,749,90,457,43,,
OLYMPIKUS,Tênis Olympikus Marez Masculino Esportivo Corrida Macio Leve,349,99,33,93,,
OLLIE,Tênis Masculino Casual Ollie Street Plazza Original Azul,160,48,144,,,
NEW BALANCE,Tenis New Balance 373v2 Masculino Camurça Casual Original,499,99,50,,,
MIZUNO,Tênis Mizuno Space 4 - Masculino Original,350,90,329,,,
FILA,Tênis Para Corrida Masculino Performance Fila Float Elite ,749,90,449,94,,
PUMA,Tênis Puma Caven 2.0 Bdp Puma Tênis Puma Caven 2.0 Bdp,449,90,44,99,,
PUMA,Tênis Disc Blaze Og Puma Tênis Disc Blaze Og,799,90,79,99,,
PUMA,Tênis De Corrida Puma Flyer Runner Mesh Bdp Original,329,90,245,12,,
PUMA,Tênis Neo Cat Scuderia Ferrari Puma Tênis Neo Cat Scuderia F,549,90,436,40,,
FILA,Tênis Fila Ride Masculino Original ,329,99,227,43,5.0,(2)
EVOLTENN,Kit 3 Pares Jaguar Evoltenn Masculino Leve Promoção,189,90,170,91,4.6,(670)
,Kit Combo 2 Tenis Masculino Academia Caminhada Corrida Top,169,90,152,91,4.6,(1561)
OLYMPIKUS,Tênis Olympikus Chroma Masculino Preto Academia Caminhada,251,24,188,10,,
LORENZZO LOPEZ,Tênis Masculino Jogger Casual Sapatenis Para Homem Moderno,139,90,34,98,,
VIA LIVRE,Sapatilha Neoprene Ténis Hibrido Masculino Kaiak Jet-ski,78,90,26,30,,
OLYMPIKUS,Tênis Olympikus Masculino Cyber 4 Confortável Macio Leve ,269,99,194,58,,
LORENZZO LOPEZ,Tenis Masculino Caminha E Academia Super Leve Na Promoção,39,90,35,91,4.8,(4)
NEW BALANCE,Tênis Masculino Casual New Balance 997h Classics,749,90,547,42,,
PUMA,Tênis Masculino Puma Flyer Runner Mesh Bdp Original,329,90,245,12,,
OLLIE,Kit 2 Tênis Street Ollie Masculino Monster Conforto,279,98,204,38,4.7,(208)
MIZUNO,Tênis Mizuno Masculino Wave Mirai 5 Esportivo Corrida,529,90,386,82,5.0,(3)
,Tenis Olimp Esportivo Masculino Feminino Leve E Macio,78,90,7,67,4.1,(5435)
PUMA,Tênis Ca Pro Mid Puma Tênis Ca Pro Mid,429,90,42,99,5.0,(2)
LORENZZO LOPEZ,Kit 3 Tênis Masculino Para Academia E Corrida ,199,90,139,93,,
NEW BALANCE,Tênis Casual Masculino New Balance 574 V2 Camurça,609,90,518,41,,
TRYD,Tênis Para Treino Academia Caminhada Corrida Tryd 5400 Leve,99,99,74,99,4.5,(9432)
OLYMPIKUS,Tênis Olympikus Corre Grafeno 2 Masculino,666,56,66,66,,
OLLIE,Kit 2 Tênis Street Ollie Masculino Vega Conforto,299,98,218,98,,
MIZUNO,Tênis Para Corrida Masculino Mizuno Wave Way 3 Treino ,459,90,326,52,,
FILA,Tênis Fila Ride Masculino / Feminino - Original ,329,99,227,43,,
PUMA,Tênis Rs-x Porsche Legacy Puma Tênis Rs-x Porsche Legacy,519,90,484,90,5.0,(1)
PUMA,Tênis Puma Masculino Viz Runner V2 Bdp Corrida Treino,589,90,501,41,,
WONDER,Tenis Adventure Wonder Camurça Confortável ,104,90,34,97,,
OLYMPIKUS,Tênis Esportivo Olympikus Voa Amarelo E Verde Masculino,299,90,33,32,5.0,(1)
FILA,Tênis Fila Masculino Venture Tracer Casual Chunky Retrô,429,90,378,31,,
OLYMPIKUS,Tênis Olympikus Masculino Voa 2 - Original,299,99,33,33,,
NEW BALANCE,Tênis New Balance Fresh Foam Garoé Preto,759,90,75,99,,
WONDER,Tenis Confortável Esportivo Caminhada Academia Wonder 1300,78,90,26,30,5.0,(1)
PUMA,Tênis Puma Masculino Cell Divide V2 Bdp Para Corrida,589,90,442,42,,
FILA,Tênis Fila Masculino Esportivo Extra Treino Confortável,319,90,275,11,,
OLLIE,Tênis Masculino Monster Ollie 418 ,149,33,141,86,,
OLYMPIKUS,Tênis Olympikus Casual Urbano Ast Unissex,269,90,205,12,,
NEW BALANCE,Tênis Masculino New Balance Arish Basico Fitness Treino +nfe,499,99,48,47,5.0,(3)
OLYMPIKUS,Olympikus 24/7 Lap Masculino Adultos,218,74,139,99,4.8,(7707)
NEW BALANCE,Tênis New Balance Casual Masculino Gm500 Preto,399,90,39,99,,
OLYMPIKUS,Tênis Olimpikus Olympikus Flash Confortavel Envio Imediato ,95,99,9,33,4.3,(170)
NEW BALANCE,New Balance Evoz V3 Masculino Adultos,699,90,471,20,,
PUMA,Tênis Mirage Sport Tech Reflective Puma Tênis Mirage Sport T,549,90,475,20,5.0,(1)
MIZUNO,Tênis Mizuno Goya Masculino,349,90,290,41,,
FILA,Tênis Fila Masculino Leve Confortável Macio Alta Qualidade,599,99,449,99,,
FILA,Tênis Running Masculino Recovery Fila Original Prata,379,99,334,39,5.0,(4)
NEW BALANCE,Tênis New Balance Fresh Foam Arishi V4 Masculino,499,90,389,50,,
FILA,Tênis Fila Ride Unissex Original ,329,99,234,29,,
OLYMPIKUS,Olympikus Treino Proof 3 Masculino Adultos,199,99,158,99,4.8,(1411)
UNDER ARMOUR,Tênis Sport Under Armour Charged Skyline 4 Original Treino,412,49,329,99,5.0,(3)
NEW BALANCE,Tênis New Balance Fresh Foam Garoe Masculino Mtgarorr,749,44,74,94,5.0,(4)
MIZUNO,Tênis Mizuno Wave Mirai 6 - Masculino Original,531,14,499,39,,
PUMA,Tênis De Corrida Magnify Nitro 2 Masculino Puma Tênis De Cor,999,90,99,99,,
OLLIE,Tênis Masculino Vega Ollie 600 ,160,73,152,69,,
OLYMPIKUS,Tênis Olympikus Marte Corrida Caminhada Confortável Unissex,209,90,180,51,5.0,(2)
FILA,Tênis Fila Fire Branco Coral E Preto,349,90,33,92,,
UNDER ARMOUR,Tênis Under Armour Tribase Cross Se Treino Unissex,549,90,438,37,5.0,(4)
PUMA,Puma Skyrocket Lite Masculino Adultos,499,99,247,49,,
MIZUNO,Mizuno Space 3 Masculino Adultos,199,17,33,,4.8,(1425)
,Tenis Olimp Esportivo Masculino Feminino Leve E Macio,78,90,7,67,4.1,(5435)
FIBER,Tênis Fiber Fly Recovery,299,22,33,,4.8,(12)
DS SHOES,Tênis Casual Air Ds Leve E Confortavel,78,70,69,90,4.5,(806)
PUMA,Puma Skyrocket Lite Masculino Adultos,499,99,247,49,,
MIZUNO,Mizuno Space 3 Masculino Adultos,199,17,33,,4.8,(1425)
MIZUNO,Tênis Mizuno Masculino Wave Legend 2 Esportivo Corrida,639,90,467,12,,
MIZUNO,Tênis Running Masculino Mizuno Prophecy 13 Branco,2.223,34,222,,,
FILA,Tênis Fila Retro Flag Unissex Original ,399,99,271,99,4.9,(8)
MIZUNO,Tênis Olympikus Cyber 4 Masculino- Preto-dourado,249,12,31,,,
VILI,Sapatenis Tenis Casual Masculino Polo Vili  Original,104,49,78,36,4.6,(1681)
OLLIE,Tênis Street Ollie Masculino Kings Conforto,149,99,122,99,4.5,(700)
,Tênis Masculino Academia Leve Olimp Confortável Original 23,109,99,93,49,4.4,(6621)
UNDER ARMOUR,Tênis Under Armour Charged Quicker Masculino Branco,359,90,35,99,,
LORENZZO LOPEZ,Kit 3 Tênis Masculino Para Academia E Caminhada Levíssimo,179,90,149,31,,
MIZUNO,Kit Tênis Mizuno Masculino Wave Legend 2 + Meia Cano Médio,589,90,477,81,,
PUMA,Tênis Pacer Future Trail Puma Tênis Pacer Future Trail,409,90,358,80,5.0,(1)
OLLIE,Tênis Masculino Stones Ollie 402 ,162,14,154,03,,
LORENZZO LOPEZ,Kit 3 Tênis Masculino Esportivo Academia Super Leve,199,90,139,93,,
FILA,Tênis Fila Retro Flag Masculino Casual,399,89,39,99,,
MIZUNO,Tênis Mizuno Masculino Wave Mirai 5 Esportivo Corrida,529,90,386,82,5.0,(3)
NEW BALANCE,Tênis Esportivo Corrida Super Leve New Balance Coleção Nova,399,99,38,78,,
FILA,Tenis Esportivo Fila Masculino Confortável Respirável Treino,299,99,284,99,,
FILA,Tênis Fila Racer Gripper Unissex Original ,329,99,237,59,,
UNDER ARMOUR,Tênis Basquete Under Armour Curry 3z7 Masculino Esportivo,749,90,539,92,,
MIZUNO,Tênis Mizuno Advance Rsp Corrida,666,56,66,66,,
MIZUNO,Tênis Mizuno Masculino Wave Stratos 2 - Original,799,99,80,,5.0,(1)
MIZUNO,Tênis Mizuno Masculino Wave Legend 2 Esportivo Corrida,639,90,460,72,,
PUMA,Tênis Puma Cell Divide V2 Masculino-  Preto-cinza,449,90,44,99,,
MIZUNO,Tênis Mizuno Victory Rsp Masculino Corrida,555,44,55,54,,
PUMA,Tênis Trinity Bmw M Motorsport Puma Tênis Trinity Bmw M Moto,699,90,484,90,5.0,(4)
PUMA,Puma Viz-Tech Viz Runner V2 BDP Masculino Adultos,333,22,33,32,4.6,(85)
PUMA,Tênis Puma Up Black & White Preto Original Masculino Casual,412,49,214,99,5.0,(43)
PUMA,Tênis Rs-trck New Horizon Puma Tênis Rs-trck New Horizon,629,90,62,99,,
LORENZZO LOPEZ,Tênis Masculino Para Academia E Corrida Super Macio E Leve,39,90,13,30,,
FILA,Tênis Masculino Corrida Fila Recovery - Original,379,99,334,39,5.0,(4)
MIZUNO,Tênis Masculino Mizuno Wave Endeavor Corrida Performance,749,90,547,42,,
REEBOK,Tênis Masculino Reebok Casual Royal Complete Sport,419,90,285,53,,
PUMA,Tênis Puma Haste Sl Bdp Masculino Esportivo,499,90,49,99,,
OLYMPIKUS,Tênis Olympikus Challenger 5 Masculino,359,90,281,48,,
MIZUNO,Tênis Mizuno Wave Dynasty 5 Masculino Corrida,549,90,395,92,5.0,(1)
MIZUNO,Tênis Mizuno Mirai 6 101081081 Marinho,499,90,49,99,,
MIZUNO,Tênis Mizuno Wave Zest Masculino,499,90,408,81,5.0,(2)
FILA,Tênis Fila Duality Masculino,349,90,297,41,,
ON RUNNING,On Running Cloudmonster 2 Masculino Branco/preto Adultos,1.149,99,114,,,
MIZUNO,Tênis Para Corrida Masculino Mizuno Wave Hawk 4 Esportivo,399,90,267,93,,
UNDER ARMOUR,Tenis Under Armour Dagger Basquete,399,90,39,99,5.0,(2)
MIZUNO,Tênis Masculino Mizuno Wave Endeavor Corrida Performance,749,90,532,42,,
OLYMPIKUS,Olympikus Casual Index 3 Masculino Adultos 43611218_1-004,189,99,142,99,4.8,(962)
MIZUNO,Tênis Para Corrida Masculino Mizuno Wave Vitality 5 Treino,479,90,345,52,,
PUMA,Tênis Puma Haste Sl Bdp Masculino,569,90,429,90,,
PUMA,Tênis Puma Masculino Cell Divide V2 Bdp Para Corrida,589,90,448,32,,
MIZUNO,Tênis Mizuno Space 4 Masculino Corrida - Caminhada,329,90,32,99,5.0,(4)
PUMA,Tenis Masculino Puma Up Leve Estiloso Confortavel - Original,316,83,237,50,5.0,(9)
FILA,Tênis Fila Fire Masculino / Feminino - Original ,349,99,248,49,4.5,(6)
OUSY SHOES,Kit Tênis Masculino Caminhada 3 Pares Easy Confortável Combo,229,90,159,90,4.5,(5490)
,Tênis Bolsonaro Masculino Feminino Patriota Style Super Leve,199,90,33,32,4.7,(134)
OLLIE,Kit 2 Tênis Street Ollie Masculino Rocky Conforto,299,98,218,98,4.7,(276)
UNDER ARMOUR,Tênis Under Armour Tribase Lift Masculino Academia - Fitness,599,90,520,90,,
MIZUNO,Tênis Mizuno Wave Mirai 6- Branco-cinza,499,89,49,99,4.4,(8)
FILA,Tênis Fila Racer For All Masculino Academia Running Original,299,99,179,99,4.7,(31)
NEW BALANCE,Tênis New Balance Evoz V3 Masculino,699,90,496,92,,
NEW BALANCE,Tênis New Balance Hierro V7 Masculino Original ,1.259,90,793,73,,
ADIDAS,adidas Lite Racer 3.0 Masculino Adultos,269,62,33,,4.7,(424)
OLLIE,Tênis Street Ollie Masculino Rocky Conforto,149,99,122,99,4.7,(845)
WEST,Tênis Kit 2 Pares Mizwest 20 Promoção Masculino Garantia !!1,155,90,15,15,4.0,(302)
,Tênis Número Especial Esportivo Corrida E Academia 44-48,78,,26,,4.2,(42)
OLYMPIKUS,Tênis Olympikus Challenger 5 Branco E Cinza - Masculino,299,99,33,33,5.0,(1)
PUMA,Tênis Puma Up Unissex,340,78,257,70,5.0,(1)
MIZUNO,Tênis Mizuno Frontier B Unissex Original ,799,99,77,56,,
NEW BALANCE,Tênis New Balance 327 V1 Casual Streetstyle Macio,639,90,543,91,,
PUMA,Tênis Puma Masculino Bmw Trinity - Original,599,99,60,,5.0,(1)
UNDER ARMOUR,Tênis Masculino Dagger Basquete Under Armour Novo,499,99,373,99,4.8,(10)
FILA,Tênis Fila Efecto Masculino / Feminino - Original,299,99,224,99,5.0,(5)
ADIDAS,Tênis De Corrida Masculino Duramo Esportivo Performance Leve,499,99,364,99,5.0,(3)
MIZUNO,Tênis Mizuno Wave Interceptor Rsp Masculino Corrida,444,33,44,43,,
VIA LIVRE,Tênis Masculino Advanced Aero Leve Macio Caminhada Academia,149,90,37,48,,
HAVAIANAS,Tênis Havaianas Tns Mix Print,279,99,31,11,,
PUMA,Tênis Masculino Caminhada Puma Haste Sl Bdp Esportivo,589,90,430,62,,
HARD,Tênis Esportivo Masculino Barato Para Academia Original Novo,129,82,74,27,4.5,(596)
DM DAMANDO,Tenis Masculino Confortavel/academia/crossfit + Relógio,77,90,74,67,4.5,(4625)
PUMA,Tênis Feminino Wired Run Slip-on Ps Bdp Puma ,299,90,223,99,,
,Tênis Masculino Academia Leve Olimp Confortável Original 23,109,99,93,49,4.4,(6621)
OLYMPIKUS,Olympikus Casual Mood Masculino Adultos,134,90,33,72,4.8,(2008)
PUMA,Tênis Wired Run Slip-on Ps Bdp Puma  ,299,90,223,99,,
LORENZZO LOPEZ,Tênis Masculino Para Academia Homem Atividade Física,78,90,26,30,,
UNDER ARMOUR,Tenis Under Armour Tribase Reps Original Crossfit,450,90,369,,,
OLYMPIKUS,Olympikus Casual Jogging 100 Sem gênero Adultos OBTN068_1-012,229,90,158,63,4.7,(2785)
OLYMPIKUS,Olympikus Volcan Sem gênero Adultos,219,90,189,11,4.7,(52)
OLYMPIKUS,Olympikus Jogging 100 Masculino Adultos,210,33,168,,4.5,(63)
VILI,Sapatenis Tenis Casual Masculino Polo Vili  Original,104,49,78,36,4.6,(1681)
MIZUNO,Kit Tênis Mizuno Masculino Victory Rsp + Meia Color Sports,639,90,537,51,,
MIZUNO,Tênis Masculino Mizuno Wave Falcon 5 Corrida Caminhada,429,90,296,63,,
VIA LIVRE,Tênis Masculino Advanced Running Ultra Leve Academia,131,90,117,39,,
OLLIE,Ollie Street Plazza Masculino Adultos,119,88,113,88,4.7,(229)
FILA,Tênis Fila Masculino Recovery Corrida Caminhada Confortável,379,99,334,39,5.0,(2)
,Tenis Feminino Casual Masculino Nyc Shoes Moda,77,90,7,57,4.5,(7530)
WONDER,"Tenis Unissex Para Academia, Caminhada E Uso Casual Wonder",98,90,9,61,,
ADIDAS,adidas Galaxy 6 Masculino Adultos,399,99,40,,4.8,(129)
OLYMPIKUS,Olympikus Corre Vento 2 Masculino Adultos,432,78,43,28,5.0,(8)
NEW BALANCE,Tênis New Balance 500v2 Masculino Gm500 Urbano Original,399,99,40,,,
RAINHA,Tênis Rainha Futsal Vl2500 Vôlei Capoeira Escolar,98,90,32,97,4.7,(210)
ADIDAS,Tênis adidas Masculino Turnaround Mid - Original,449,99,45,,,
VIA LIVRE,Tênis Masculino Plataforma Casual Adulto Moderno Confortável,114,90,38,30,,
MORMAII,Tenis Mormaii Urban Free Original Skate Casual Masculino,179,90,161,91,4.7,(1496)
TRYD,Tênis Masculino Leve Esportivo Sapato Confortável Promoção,69,99,66,49,4.6,(2338)
OLYMPIKUS,Tênis Olympikus Infantil Cyber 4 - Original,229,99,32,86,,
OUSY SHOES,Kit Tênis Masculino Caminhada 3 Pares Easy Confortável Combo,229,90,159,90,4.5,(5490)
UNDER ARMOUR,Under Armour Dagger Masculino Adultos,392,99,348,99,4.4,(30)
RAINHA,Tenis Chuteira Rainha Pro Futsal Salão Quadra Original,108,70,97,83,4.4,(301)
,Tênis Masculino Academia Fast Flykint Original Saymon Olimp,108,90,85,50,4.4,(1106)
EVOLTENN,Kit 3 Pares Jaguar Evoltenn Masculino Leve Promoção,189,90,170,91,4.6,(670)
,Tênis Sapatilha Nylon Unissex Extra Leve Maz Brasil,109,90,10,68,5.0,(3)
,Tenis Sapatilha Bike Pesca Corrida Academia Neoprene Confort,53,67,17,,4.6,(394)
WM,Tenis Revelation Masculino Feminino Promoção Pronta Entrega,109,99,10,69,4.5,(66)
,Tenis Okley Refletivo Halftrack Flak Lowe Preto Resistente,159,97,31,99,4.2,(419)
OLYMPIKUS,Tênis Olympikus Chroma Masculino Preto Academia Caminhada,251,24,188,10,,
UNDER ARMOUR,Under Armour Charged Slight 2 Masculino Adultos,359,99,260,99,4.8,(332)
VILI,Tênis Masculino Academia Caminhada Vili Barato Leve Corrida,109,49,97,44,4.5,(2071)
OLLIE,Kit 3 Sapatênis Ollie Masculino Turim Conforto,419,97,272,98,4.4,(510)
,Tênis Skate Skatista Masculino Feminino Camurça Preto,109,90,102,20,4.5,(597)
FILA,Tênis Fila Masculino Esportivo Extra Treino Confortável,319,90,268,71,5.0,(2)
,Tenis Olimp Esportivo Masculino Feminino Leve E Macio,78,90,7,67,4.1,(5435)
OLLIE,Tênis Street Ollie Masculino Rocky Conforto,149,99,122,99,4.7,(845)
ROBO,Tênis Thunder Tecido Técnico Lançamento Mc's Exclusivo Luxo!,289,99,28,11,4.8,(17)
ADIDAS,Tênis adidas Break Start Masculino - Original,399,99,38,78,,
,Sapatenis Kit 3 Pares + Relogio Mais Barato Do Brasil,166,90,158,55,4.0,(694)
RAINHA,Tênis Rainha Vl 2500 Futsal Vôlei Academia Capoeira Corrida,78,90,7,67,4.6,(755)
FILA,Tênis Fila Masculino Venture Tracer Casual Chunky Retrô,429,90,395,50,,
,Tenis Para Corrida Masculino Corrida Kit 2 Pares Fone + Relo,219,90,189,11,,
,Kit Combo 2 Tenis Masculino Academia Caminhada Corrida Top,169,90,152,91,4.6,(1561)
,Tênis Esportivo It Shoes Amortecedor Gel Masculino,109,90,95,23,4.6,(864)
FILA,Tênis Masculino Fila Racer Gripper Original,329,99,227,43,,
,Sapatilha Aquática Neoprene Hibrida Praia Pesca Ciclismo,78,90,7,67,4.6,(879)
OLYMPIKUS,Olympikus Perfect 3 Masculino Adultos,259,99,194,99,4.8,(210)
ADIDAS,Tênis adidas Pureboost 23 Corrida Boost Ultra Leve,999,25,749,64,,
STAR CONFORT,Botinha All Star Infantil Bota Alstar Preta De Lona Preto,149,99,37,50,4.8,(520)
,"Combo 3 Pares Sapatênis , Leve De  Zíper Super Conforto",239,90,183,35,4.5,(622)
,Tenis Masculino Da Polo Varias Cores Exclusivo Lançamento ,78,90,71,01,4.5,(2835)
WM,Tenis Olimp Masculino Feminino Lançamento Muito Envio Rápido,109,99,36,66,4.1,(17)
OLYMPIKUS,Olympikus Corre 3 3 Sem gênero Adultos,499,99,50,,4.9,(255)
OLYMPIKUS,Tênis Olympikus Marte Corrida Caminhada Confortável Unissex,209,90,184,71,5.0,(2)
,Sapatilha Aquática Antiderrapante Tênis Praia Híbrido Cb357,78,90,64,60,4.7,(2607)
PUMA,Tênis Vis2k Bdp Puma Tênis Vis2k Bdp,499,90,387,90,5.0,(4)
OLYMPIKUS,Olympikus Caminhada Urano 2 Sem gênero Adultos,229,99,145,99,4.8,(879)
DIX,Tênis Para Academia Masculino Malhar Corrida Promoção,66,90,63,55,4.5,(1596)
ADIDAS,Tênis adidas Masculino Courtblock - Original,399,99,40,,,
POLO JOY,Sapatenis Masculino Polo Joy Nova Versão Latex,78,90,7,67,4.7,(181)
NEW BALANCE,Tênis New Balance Fuelcell Rebel V4 Masculino,999,90,99,99,,
,Sapatenis Masculino Polo Casual Dia A Dia Novo Preço Bom ,78,98,75,03,4.5,(4267)
POLO PLUS,Tênis Sapatenis Polo Plus Masculino Casual Promoção Envio Já,89,79,64,64,4.4,(2035)
FILA,Fila Recovery Masculino Adultos,407,90,265,05,4.7,(2066)
VILI,Tênis Masculino Academia Caminhada Vili Barato Leve Corrida,109,49,97,44,4.5,(2071)
,Tênis Masculino Academia Fast Flykint Original Saymon Olimp,108,90,85,50,4.4,(1106)
ASCENSION,Tenis Masculino E Feminino De Caminhada Ortopedico Crossfit,68,67,22,,4.7,(1999)
,Tênis Skate Skatista Masculino Feminino Camurça Preto,109,90,102,20,4.5,(597)
RAINHA,Tenis Chuteira Rainha Pro Futsal Salão Quadra Original,108,70,97,83,4.4,(301)
ADAPTION,Adaption Easy Masculino Adultos,41,97,3,,4.3,(1387)
,Tênis Masculino Corrida Caminhada Academia Macio Barato Top,51,90,44,65,4.4,(3399)
SOFT WORKS,Tenis Soft Works Bb80 Sapato Cozinha Hospital Enfermagem,100,48,77,,4.8,(719)
,Tênis Adulto Masculino Academia Fit Sport Advanced Macio,99,90,78,92,4.6,(26)
,Tênis Número Especial Esportivo Corrida E Academia 44-48,78,,26,,4.2,(42)
FIBER,Tênis Fiber Fly Recovery,299,22,33,,4.8,(12)
,Tênis Skate Skatista Masculino Feminino Camurça Preto,109,90,102,20,4.5,(597)
ASCENSION,Tenis Masculino E Feminino De Caminhada Ortopedico Crossfit,68,67,22,,4.7,(1999)
,Tênis Bolsonaro : Liberdade Style Super Confortável ,169,90,33,98,4.8,(99)
ALLSTAR,Tênis All Star Cano Alto 25/43 Botinha - Adulto E Infantil,154,80,30,96,4.6,(650)
SAPATOFRAN,Tênis Masculino Preto Leve Jogging Jogger Original + Brindes,119,90,109,10,4.3,(1872)
,Sapatilha Hibrida Aquatica Pesca Antiderrapante Tenis Meia,77,99,60,80,4.6,(533)
TMC,Tênis Masculino Academia Olympiko Esportivo Barato Original,78,90,61,54,4.4,(183)
OLLIE,Tênis Street Ollie Masculino Monster Conforto,139,99,114,79,4.6,(131)
OLLIE,Kit 2 Tênis Street Ollie Masculino Kings Conforto,299,98,218,98,4.7,(194)
MIZUNO,Tênis Mizuno Wave Creation 20 Original Academia Caminhada,199,90,129,93,,
,Tênis Número Especial Esportivo Corrida E Academia 44-48,78,,26,,4.2,(42)
MIZUNO,Tenis Esportivo Exclusivo Atividade Fisica Leve Confortavel,149,90,14,57,4.6,(228)
STAR FOX,Sapatenis Masculino Ziper Cadarço Casual Social Confortável,69,90,66,40,4.5,(6886)
,Tenis Feminino Casual Nyc Shoes Masculino Moda Adulto,109,90,75,83,4.5,(3963)
MORMAII,Tênis Mormaii Urban Free Masculino Adulto Casual,169,90,16,51,4.6,(391)
,Tênis Masculino Esportivo Caminhada Academia Corrida - It,89,90,78,21,4.5,(360)
ADIDAS,Tênis adidas Unissex Break Start Low - Original,399,99,40,,,
OLYMPIKUS,Tênis Olympikus Corre Grafeno 2 Para Corrida Maratona,849,90,662,92,,
FILA,Fila KR6 Masculino Adultos,599,40,359,84,4.7,(159)
MVP FITNESS,Tênis Para Crossfit - Mvp 4x4 Black Pink,559,51,497,75,5.0,(12)
DS SHOES,Tênis Casual Air Ds Leve E Confortavel,78,70,69,90,4.5,(806)
OLYMPIKUS,Olympikus Treino Volcan Masculino Adultos,149,99,14,58,4.7,(820)
,Kit Tênis Sneaker Oversized Sola Alta 2 Unidades Couro Eco,187,65,177,27,4.6,(257)
OLLIE,Tênis Street Ollie Masculino Kings Conforto,149,99,122,99,4.5,(700)
,Tênis Casual Masculino Sola Alta Em Couro Eco,112,90,107,25,4.5,(585)
RESERVA,Tênis Reserva Masculino Rsv R-brooklyn Sneaker Original,949,89,94,99,,
OLYMPIKUS,Olympikus Marte Masculino Adultos,157,15,149,50,4.7,(240)
POLO JOY,Polo Joy 220 Masculino Adultos,95,13,9,25,4.1,(696)
,Tênis Sb Street Oadsey Skatista Skate 100% Couro Legitimo ,89,90,29,97,4.5,(1017)
RAINHA,Tênis Rainha Futsal Vôlei Masculino Feminino Capoeira Barato,97,58,9,48,4.7,(1031)
MIZUNO,Tênis Feminino Ou Masculino Academia Promoção Pronta Entrega,98,50,32,83,4.3,(1339)
GENÉRICA,Combo 2 Pares Tenis Infantil Menino E Menina Unisex Promoçao,149,90,37,48,,
WILSON,Tênis Wilson Game 2 - Masculino,201,95,33,66,,
PUMA,Puma Wired Rapid Masculino Adultos,349,99,33,93,4.9,(17)
,Tênis Bolsonaro : Liberdade Style Super Confortável ,169,90,33,98,4.8,(99)
OLLIE,Tênis Street Ollie Masculino Start Conforto,139,99,114,79,4.6,(770)
,Kit 2 Pares Tênis Meia Masculino Sem Cadarço Calçado Leve  ,139,90,13,60,4.7,(246)
UNDER ARMOUR,Under Armour Tribase Reps Masculino Adultos,345,45,33,,5.0,(13)
,Sapatilha Aquatica Neoprene Secarapido Sola Forte Confort,52,90,17,63,4.6,(716)
OLYMPIKUS,Olympikus CORRIDA Reverso 2 Masculino Adultos,369,90,277,42,4.9,(35)
VANS,Tênis Casual Knu Skool Preto Branco ,169,90,161,40,4.8,(511)
OLYMPIKUS,Olympikus Casual Triunfo 2 Masculino Adultos,219,90,164,92,4.8,(329)
ASCENSION,Tênis Esportivo Ortopédico Para Academia Treino Dia A Dia,144,90,137,65,4.4,(289)
ADAPTION,Kit 2 Tênis Adaption Academia Caminhada Easy Masculino,78,90,7,67,4.4,(369)
OLYMPIKUS,Olympikus Corre 3 Masculino Adultos,499,99,50,,4.5,(126)
OLYMPIKUS,Olympikus Neblina Masculino Adultos,248,11,24,,4.8,(33)
ASICS,Tênis Asics Gt 2000 12 Masculino Petróleo Corrida,829,90,80,46,,
OLYMPIKUS,Tênis Olympikus Versa Masculino- Branco,219,99,31,43,4.4,(5)
,Tênis Old Casual Street Oadsey Feminino/masculino,89,90,29,97,4.5,(265)
MIZUNO,Tênis Mizuno Space 3 Masculino- Cinza,194,99,32,50,4.7,(79)
WONDER,Tenis Adventure Wonder Camurça Confortável ,104,90,10,20,5.0,(2)
DIX,Kit 2 Pares Tenis Masculino Esportivo Caminhada Academia Top,149,90,137,90,4.5,(171)
WM,Tenis Feminino Masculino Olimp Lançamento Super Promoção ,99,99,9,72,5.0,(4)
,Tênis Masculino Hot Sol Número Especial Até O 48,119,90,39,97,4.7,(337)
MIZUNO,Tênis Mizuno Wave Creation 20 Original Academia Caminhada,199,90,129,93,,
,Sapatenis Masculino Polo Casual Dia A Dia Novo Preço Bom ,78,98,75,03,4.5,(4267)
POLO JOY,Sapatenis Masculino Polo Joy Nova Versão Latex,78,90,7,67,4.7,(181)
SOFT WORKS,Sapato Softworks Bb65 Cozinha Hospital Enfermagem Antiderrap,78,99,7,68,4.8,(101)
,Tênis Sapatênis Jogging Masculino Casual Confortavel Esporte,78,99,69,51,,
SKECHERS,Tênis Skechers Ultra Flex 2.0  Masculino - Off White,359,92,35,99,,
CORSA,Sapatilha Kart Corsa K-race,549,90,54,99,4.5,(65)
NB,Tênis Masculino New Balance 997s Sport Anatómico Macio ,209,99,194,99,5.0,(2)
WILSON,Tênis Wilson Game 2 Masculino Preto E Branco,219,29,31,,,
,Tenis Casual Masculino Moda Snaker Leve Confortável ,95,86,91,06,4.5,(43)
RAINHA,Tênis Rainha Futsal Vl2500 Vôlei Capoeira Escolar,98,90,32,97,4.7,(210)
,Tênis Bolsonaro : Liberdade Style Super Confortável ,169,90,33,98,4.8,(99)
MIZUNO,Mizuno Jet 6 Masculino Adultos,329,80,197,88,4.7,(177)
ADIDAS,Tênis adidas Masculino Court Base - Original,349,99,35,,5.0,(2)
MORMAII,Tênis Masculino Mormaii Urban Stripe 3 Branco,179,89,35,98,,
OLLIE,Sapatênis Ollie Masculino Miami Conforto,129,99,106,59,4.8,(87)
POLOFRAN,Kit 3 Tênis Polo Fran Sapato Masculino Carteira Relógio ,139,90,113,05,3.9,(1231)
,Sapatilha Nautica Esportiva Natação Pesca Mergulho -oferta,67,99,62,55,4.7,(235)
RETRO,Tenis Masculino Feminino Classico Sketista Retro Old School,89,90,29,97,4.6,(1155)
FILA,Tênis Fila Recovery Preto Masculino Cinza E Vermelho,379,99,254,59,,
OLYMPIKUS,Olympikus Corre Grafeno 2 Masculino Adultos,539,90,52,34,4.7,(17)
FREEWAY,Sapatênis Masculino Free Way  Ref: Track 1 Couro,269,90,251,38,5.0,(3)
WM,Tenis Masculino Feminino Olimp Exclusivo Pronta Entrega,199,99,19,44,5.0,(2)
,Tênis Converse Chuck Taylor All Star Tradicional,159,80,31,,4.6,(1310)
AIR,Tenis Masculino Feminino Branco Casual Confortavel,79,90,26,63,4.7,(106)
OLLIE,Kit 2 Tênis Street Ollie Masculino Monster Conforto,279,98,204,38,4.7,(208)
UNDER ARMOUR,Tênis Under Armour Jet 21,469,47,45,,,
SOFT WORKS,Tenis Soft Works Bb80 Sapato Hospital Enfermagem Cozinha Epi,78,90,7,67,4.9,(62)
MIZUNO,Mizuno Wave Falcon 5 Masculino Adultos,431,80,259,11,4.8,(13)
ZEUZ,Tênis Masculino Leve Esportivo Conforto Dia A Dia Elástico,89,90,29,97,4.5,(4)
MIZUNO,Mizuno Wave Mirai 5 Masculino Adultos,499,90,323,42,4.5,(529)
OLYMPIKUS,Tênis Olympikus 274 Jogging 100-   Branco,199,90,155,92,4.7,(21)
HARD,"Tenis Masculino, Corrida Esportivo Levinho Novo Lançamento",129,98,79,66,4.1,(49)
,Tênis Bolsonaro Masculino Feminino Patriota Style Super Leve,199,90,33,32,4.7,(134)
EVOLTENN,Kit 3 Pares Jaguar Evoltenn Masculino Leve Promoção,189,90,170,91,4.6,(670)
,"Sapatênis , Leve De  Zíper Super Conforto",84,90,80,65,4.5,(145)
OAKLEY,Tênis Oakley Flak Em Couro Com Carteira De Brinde Promoção,189,99,174,79,4.6,(26)
VANS,Tênis Casual Knu Skool Preto Branco ,159,90,15,54,4.8,(32)
FERRICELLI,Tênis Sapatenis Ferricelli Etron Knit Bege,219,29,31,,4.6,(59)
OLYMPIKUS,Tenis Masculino Olympikus Versa Classico Macio - Original,327,85,219,65,4.7,(10)
OLYMPIKUS,Tênis Olympikus 274 Jogging 100-  Preto,188,82,154,83,4.4,(35)
,Tenis Masculino Olimp Kit 02 Pares Academia Promoção Oferta,139,90,13,60,4.4,(2928)
,Tênis Sapatênis Masculino Polo White Promoção Top ,99,90,33,30,5.0,(4)
ADAPTION,Adaption Limited Masculino Adultos,72,99,7,09,4.4,(463)
ADIDAS,adidas Trainer V Masculino Adultos,599,99,58,17,5.0,(5)
VANELLI,Kit 2 Pares Tênis Masculino Esportivo Leve Macio Promoção,142,90,135,75,4.6,(63)
ADIDAS,adidas Terrex AX2S Masculino Adultos,799,99,77,56,5.0,(19)
JOMA,Tênis Joma Master 1000 Clay Saibro Marinho,242,52,23,,4.7,(118)
REEBOK,Reebok Nano X3 Adventure Masculino Adultos,662,60,529,34,5.0,(10)
EVOLTENN,Kit 3 Tênis Masculino Esportivo Evoltenn Sola Colmeia Leve.,189,90,169,10,4.6,(124)
,Tênis Adventure Hs Dia A Dia Numeração Especial Até O 49,144,90,36,22,5.0,(4)
OLLIE,Tênis Trekking Ollie Broncos Adventure Trilhas,149,99,122,99,4.4,(329)
ADAPTION,Tênis Masculino Caminhada Casual Easy + Relógio + Carteira,52,90,5,14,4.4,(444)
,Kit Tênis 2 Pares Masculino Super Confortável Leve Academia,129,90,12,63,4.5,(48)
,Tênis Masculino Air 90 Max Gelo Verde Água Reposição Top,89,90,8,74,4.7,(64)
OLLIE,Tênis Casual Ollie Masculino Liso Cadarço Dia A Dia Conforto,139,99,114,79,4.4,(760)
OLYMPIKUS,Olympikus 24/7 Lap Masculino Adultos,218,74,139,99,4.8,(7707)
,Tênis Casual Masculino Snaker Sola Alta Sneakers,94,65,89,91,4.1,(20)
,Tenis Casual Masculino Moda Snaker Leve Confortável ,95,86,91,06,4.5,(43)
OLLIE,Tênis Casual Ollie Masculino Liso Cadarço Dia A Dia Conforto,139,99,114,79,4.4,(760)
,Tenis Meia Sapatilha Hibrida Neoprene Esporte Aquatico Pesca,52,90,5,14,4.5,(221)
ADAPTION,Kit 2 Tênis Adaption Academia Caminhada Masculino Easy,109,90,10,68,4.4,(409)
OLYMPIKUS,Olympikus Wellness Masculino Adultos,269,90,26,17,4.5,(454)
OLLIE,Tênis Street Ollie Masculino Monster Conforto,139,99,114,79,4.6,(131)
OLLIE,Sapatênis Ollie Masculino Miami Conforto,129,99,106,59,4.8,(87)
ADAPTION,Kit 2 Pares De Tenis Masculino Academia Limited + Relogio,139,90,13,60,4.4,(4028)
,Kit 3 Tênis Masculino Prospect Speed Confortável + Relógio,219,90,138,53,,
VIA LIVRE,Tênis Masculino Casual Advanced Force Original Confortável,199,90,33,32,,
ALLSTAR,Promoção 2 Pares Converse Original Chuck Taylor Allstar Core,269,44,204,07,4.5,(172)
UNDERSPORTS,Tênis Coturno Adventure Couro Reforçado Biqueira Segurança,189,50,31,58,,
CREATION,Combotênis Academia Creation 20 Combo De 3 Pares Confortável,199,90,33,32,4.1,(202)
,Kit 2 Tênis Ferrari New Caminhada Leve Confortável Promoção,259,90,168,93,4.3,(164)
,Tênis Corrida Bolha Plus 1 Tn Muito Leve Novo Cr7 Mes,399,99,131,99,,
WAVE,Kit 2 Tênis Masculino Esportivo Molas Wave Creation 20 Orig,207,90,149,68,,
UNDER ARMOUR,Under Armour Spawn 3 Masculino Adultos,359,90,323,91,,
OLYMPIKUS,Olympikus Cyber 3 Masculino Adultos,199,99,180,50,4.7,(34)
MIZUNO,Tenis Esportivo Exclusivo Atividade Fisica Leve Confortavel,149,90,14,57,4.6,(228)
TIMBERLAND,Timberland Gorge C2 Masculino Adultos,159,99,15,55,,
MIZUNO,Tênis Masculino Wave Creation Treino Macio Original Promoção,199,90,129,93,3.7,(15)
ASICS,Tênis Asics Masculino Feminino Varias Cores Do 34 Ao 43,99,99,9,72,4.0,(485)
ASICS,Tênis Masculino Asics Gel Revelation Original Corrida Ful,349,90,129,46,4.0,(4)
ÖUS,Tênis Masculino Öus Imigrante Feminino Glow In The Dark,219,99,31,43,4.2,(23)
PUMA,Puma Caven 2.0 Bdp Masculino Adultos,399,90,299,92,4.7,(87)
ÖUS,Tênis Ous Imigrante Essencial Masculino Feminino Unissex,299,99,218,99,,
OLYMPIKUS,Tênis Olympikus Volt Unissex,129,99,32,50,4.8,(17)
OLYMPIKUS,Olympikus Difuse 2 Sem gênero Adultos,100,72,9,,3.0,(7)
MIZUNO,Tênis Mizuno Wave Creation 20 Original Academia Caminhada,199,90,129,93,,
OLYMPIKUS,Tenis Olympikus Masculino Feminino 34 Ao 43 Pronta Entrega,109,99,10,69,4.3,(837)
MIZUNO,Tênis Mizuno Masculino 12s Super Oferta!,339,97,166,58,,
MIZUNO,Tenis Miz Wave Ultima 7 Melhor Qualidade Envio Rápido,149,90,37,48,,
ADIDAS,adidas Advantage Base Court Lifestyle Masculino Adultos,280,11,31,,4.8,(697)
,Tênis Masculino Air 90 Max Gelo Verde Água Reposição Top,89,90,8,74,4.7,(64)
MIZUNO,Tênis Masculino Mizuno Wave Prophency Ls Flor De Lotus ,299,90,284,90,,
QUEBEC,Tênis Masculino Edmonton Quebec Casual Para Passeio ,149,90,14,57,,
MIZUNO,Tênis Mizuno Jet Classic,94,90,9,22,,
ASICS,Tênis Asics Revelation Original Corrida Macio Envio Imediato,249,91,99,96,4.5,(16)
NEW BALANCE,Tênis New Balance 997s Sport Exclusivo Lançamento ,209,07,198,61,,
PUMA,Tênis Puma Caven 2.0 Bdp Branco Masculino - 396330-02,329,95,32,99,4.5,(11)
,Tênis Masculino Balance Corrida Leve 12 Mola,119,90,99,51,4.0,(4)
WAVE,Kit Com 3 Pares Super Promoção Tênis Esportivo Molas Creatio,218,90,31,27,4.0,(51)
MIZUNO,Tênis Mizuno Masculino Beta Envio Imediato!,369,98,177,59,4.4,(9)
,Tênis Disc Disk Cell Regularte Confortável Importado,179,90,35,98,2.4,(5)
NEW BALANCE,Ténis Masculino New Balance 997s Original Apronta Entrega,234,99,195,04,4.0,(41)
OLYMPIKUS,Tênis Olympikus Corre 3 Unissex,499,99,50,,4.2,(5)
,Tenis Masculino Casual Elástico Confortavel Lançamento ,199,90,33,32,4.8,(10)
OLYMPIKUS,Tenis Olympikus Diffuse Masculino Feminino Do 34 Ao 43,109,99,10,69,4.4,(125)
VANS,Tênis Casual Knu Skool Preto Branco Lançamento ,149,90,37,48,4.8,(19)
MIZUNO,Mizuno Wave Prophecy X Masculino Adultos,255,80,91,92,3.3,(61)
,Tenis Pesca Neoprene Unissex Sapatilha Aquatica Confortavel,132,90,33,22,4.6,(23)
OLLIE,Tênis Casual Ollie Masculino Liso Cadarço Dia A Dia Conforto,139,99,114,79,4.4,(760)
,Sapatilha Aquatica Neoprene Secarapido Sola Forte Confort,52,90,17,63,4.6,(716)
MIZUNO,Mizuno Wave Prophecy X Masculino Adultos,255,80,91,92,3.3,(61)
NB,Tenis Bege Macio Nb Promoção 997s Envio Rapido Black Friday ,196,90,32,82,4.5,(32)
,Tênis Para Tênis De Mesa Badminton Esportivo Competição,345,50,34,,5.0,(12)
REDLEY,Tênis  Da  Redley Original Na Caixa .,159,99,32,,4.7,(137)
CONVERSE,Tênis All Star Casual,79,90,7,77,,
VANS,Vans UltraRange V3 Sem gênero Adultos,499,99,174,99,3.8,(32)
ASICS,Tênis Asics Gel Sendai Couro Leve Macio Promoção Garantia,299,90,125,95,,
,Sapatilha Aquática Neoprene Hibrida Praia Pesca Ciclismo,78,90,7,67,4.6,(879)
ASICS,Tênis Asics Masculino Gel Para Academia Caminhada  Treino,239,90,127,14,4.1,(179)
ASICS,Tênis Asics Gel Original Leve Macio Academia Treino Corrida,159,90,31,98,4.2,(20)
WEST,Tênis Kit 2 Pares Mizwest 20 Promoção Masculino Garantia !!1,155,90,15,15,4.0,(302)
PROPRIA,Tenis Bolha Plus 3 Tn Masculino Adulto Molas Treino Promoção,149,90,37,48,,
,Tênis Corrida Bolha Plus 1 Tn Muito Leve Novo Cr7 Neymar,399,99,131,99,,
,Tênis Olimpikus Masculino Feminino Difuse Flash Promoção,96,49,9,38,4.1,(183)
QUIKSILVER,2 Pares Tenis Quiksilver Masculino Bordado Adulto Skatista ,139,90,13,60,4.6,(12)
OLYMPIKUS,Tênis Olympikus Neblina,209,99,20,41,5.0,(1)
,Tênis Air Vapormx Refletivo Bolha Unissex Na Caixa Com Logo,159,90,31,98,4.6,(108)
NEW BALANCE,Tênis Masculino New Balance 247 Couro Academia Caminhada,299,90,128,95,5.0,(4)
OLYMPIKUS,Tênis Olympikus Challenger 4 Unissex,159,99,32,,4.4,(12)
,Tênis Mizun Propheency Ls 8 X Novidade Promoção Frete Off,152,98,145,33,,
OLYMPIKUS,Tenis Feminino E Masculino Confortável Para Esportes Oferta,199,90,99,95,,
,Tênis Air Vapormx Refletivo Bolha Unissex Na Caixa Com Logo,159,90,31,98,4.4,(7)
OLYMPIKUS,Olympikus Lightspeed Sem gênero Adultos,110,,99,,4.4,(95)
,Tenis Pesca Neoprene Unissex Sapatilha Aquatica Confortavel,132,90,33,22,4.6,(23)
TIMBERLAND,Tênis Timberland Gorge C2 Conforto Durabilidade E Camping ,139,90,34,98,4.4,(14)
STYLL BABY,Tênis Mizun Styll Wave Creation 20 Masculino Tamanho 38 A 45,99,90,33,30,4.3,(18)
RAINHA,Tênis Rainha Vl2500 Preto Monochrome,164,90,99,,5.0,(1)
MIZUNO,Tênis Mizuno Jet Classic Masculino Confortavel,139,90,34,98,,
ASICS,Tênis Asics Masculino Gel Para Academia Caminhada  Treino,239,90,127,14,4.1,(179)
ADIDAS,Tênis X_plr Path adidas,399,99,40,,,
LACOSTE,Tênis De Tecido L-spin Lacoste Masculino Com Sola Listrada,729,90,72,,,
UNDER ARMOUR,Tênis Under Armour Bankshot Masculino,399,99,379,99,,
LACOSTE,Ténis Em Pele Tclip Para Homem,699,90,69,,,
FILA,Descrição  Tênis Fila Racer Nairóbi Masculino,279,99,265,99,5.0,(1)
LACOSTE,Tênis Masculino Lacoste Graduate Pro Em Couro,599,90,59,,5.0,(2)
,Tênis Jogger Torcida Uniformizada Palmeiras,165,90,33,18,5.0,(4)
MIZUNO,Tênis Mizuno Cool Ride 2 Masculino,299,99,284,99,,
UNDER ARMOUR,Tênis Under Armour Swish Masculino,499,99,474,99,,
ADIDAS,Tênis adidas Vl Court 3.0 - Masculino,399,99,379,99,,
ADIDAS,Tênis Vl Court 3.0 adidas,399,99,40,,,
ADIDAS,Tênis Lite Racer 3.0 adidas,299,99,199,99,,
PUMA,Tênis Puma Scend Pro Masculino,329,99,313,49,,
ADIDAS,Tênis Park Street adidas,399,99,40,,,
ADIDAS,Tênis Alphabounce+ Sustainable Bounce adidas,599,99,60,,,
ADIDAS,Tênis adidas Run 60s 3.0 Masculino,264,99,251,74,4.7,(6)
ADIDAS,Tênis adidas Grand Court 2.0 Masculino,279,99,265,99,,
BELL BOOTS,Tenis Adventure Masculino Intrunder Couro Legítimo Original,217,30,178,18,4.8,(12)
MIZUNO,Tênis Mizuno Wave Endeavor 2 Masculino,699,99,664,99,,
NEW BALANCE,Tênis New Balance Fresh Foam X Trail More V3 Masculino,1.199,99,1.139,52,5.0,(1)
ADIDAS,Tênis Daily 3.0 adidas,399,99,40,,,
MIZUNO,Tênis Mizuno Space 4 Masculino,279,99,265,99,,
